{"Training_accuracy": 16.32, "Train_loss": 3.391542434692383, "_timestamp": 1678006341.1034057, "_runtime": 2455.144657611847, "_step": 109, "Test_accuracy": 17.28, "Test_loss": 3.331674098968506, "_wandb": {"runtime": 2494}}